Town,address,cross st,date reported,Date repaired,status
ACUSHNET,150 S-MAIN,,08/18/14,,2014 Unrepaired 
ACUSHNET,151 S-MAIN,,08/18/14,,2014 Unrepaired 
ACUSHNET,181 S-MAIN,,08/18/14,,2014 Unrepaired 
ACUSHNET,310 MENDALL,,03/31/14,,2014 Unrepaired 
ACUSHNET,46 WING,,05/05/14,,2014 Unrepaired 
ACUSHNET,68 JEAN,,08/18/14,,2014 Unrepaired 
ASHLAND,EDWARD,,06/12/14,,2014 Unrepaired 
ASHLAND,10 HARRIS,,05/25/11,,2014 Unrepaired 
ASHLAND,110 W-UNION,,05/23/14,,2014 Unrepaired 
ASHLAND,16 FOXHILL,,05/18/11,,2014 Unrepaired 
ASHLAND,16 W-UNION,,08/04/14,,2014 Unrepaired 
ASHLAND,247 MEETING-HOUSE,,07/12/11,,2014 Unrepaired 
ASHLAND,300 ELIOT,,03/21/13,,2014 Unrepaired 
ASHLAND,33 HOLLY,,05/26/11,,2014 Unrepaired 
ASHLAND,34 BIRCH-HILL,,05/28/14,,2014 Unrepaired 
ASHLAND,355 CHESTNUT,,08/12/14,,2014 Unrepaired 
ASHLAND,378 UNION,,06/03/14,,2014 Unrepaired 
ASHLAND,4 HOLLY,,05/26/11,,2014 Unrepaired 
ASHLAND,57 SPYGLASS-HILL,,07/20/11,,2014 Unrepaired 
ASHLAND,76 OAK,,05/20/11,,2014 Unrepaired 
ASHLAND,77 SPYGLASS-HILL,,07/20/11,,2014 Unrepaired 
AUBURN,1 ST MARK,,11/06/14,,2014 Unrepaired 
AUBURN,25 BOYCE,,10/04/14,,2014 Unrepaired 
AUBURN,45 SWORD,,11/05/14,,2014 Unrepaired 
BOLTON,12 WOOBLEY,,08/22/14,,2014 Unrepaired 
CAMBRIDGE,ARNOLD,,03/25/14,,2014 Unrepaired 
CAMBRIDGE,BREWSTER,@ 10 APPLETON STREET,08/21/13,,2014 Unrepaired 
CAMBRIDGE,COPLEY,@ FAYERWEATHER STREET,09/14/14,,2014 Unrepaired 
CAMBRIDGE,DOUGLASS,@ MASS AVENUE,07/10/14,,2014 Unrepaired 
CAMBRIDGE,1 BLAIR,,08/20/14,,2014 Unrepaired 
CAMBRIDGE,1 FRANCIS,,08/21/14,,2014 Unrepaired 
CAMBRIDGE,1 HOLLIS,,10/31/14,,2014 Unrepaired 
CAMBRIDGE,106 HANCOCK,,11/24/14,,2014 Unrepaired 
CAMBRIDGE,106 HARVEY,,08/08/14,,2014 Unrepaired 
CAMBRIDGE,110 IRVING,,11/24/14,,2014 Unrepaired 
CAMBRIDGE,111 INMAN,,11/17/14,,2014 Unrepaired 
CAMBRIDGE,13 CEDAR,,10/22/14,,2014 Unrepaired 
CAMBRIDGE,13 LEONARD,,07/12/12,,2014 Unrepaired 
CAMBRIDGE,14 CENTRE,,11/17/14,,2014 Unrepaired 
CAMBRIDGE,1426 CAMBRIDGE,,11/24/14,,2014 Unrepaired 
CAMBRIDGE,146 CHILTON,,05/15/14,,2014 Unrepaired 
CAMBRIDGE,15 HUBBARD PARK,,11/18/14,,2014 Unrepaired 
CAMBRIDGE,150 ALEWIFE-BK,,06/12/14,,2014 Unrepaired 
CAMBRIDGE,161 GARDEN,,12/18/14,,2014 Unrepaired 
CAMBRIDGE,1653 MASSACHUSETTS,,12/17/14,,2014 Unrepaired 
CAMBRIDGE,1663 CAMBRIDGE,,12/04/14,,2014 Unrepaired 
CAMBRIDGE,1674 MASS,,05/20/14,,2014 Unrepaired 
CAMBRIDGE,179-181 FAYERWEATHER,,11/07/14,,2014 Unrepaired 
CAMBRIDGE,180 BRATTLE,,05/02/14,,2014 Unrepaired 
CAMBRIDGE,1868 MASS,,05/16/14,,2014 Unrepaired 
CAMBRIDGE,190-192 HOLWORTHY,,10/23/14,,2014 Unrepaired 
CAMBRIDGE,194 BRATTLE,,05/08/14,,2014 Unrepaired 
CAMBRIDGE,1960 MASSACHUSETTS,,12/17/14,,2014 Unrepaired 
CAMBRIDGE,198 BRATTLE,,10/16/14,,2014 Unrepaired 
CAMBRIDGE,199-205 ALEWIFE-BK,,06/12/14,,2014 Unrepaired 
CAMBRIDGE,20 HOLDEN,,10/22/14,,2014 Unrepaired 
CAMBRIDGE,2029 MASS,,06/11/14,,2014 Unrepaired 
CAMBRIDGE,209 BROADWAY,,12/11/14,,2014 Unrepaired 
CAMBRIDGE,220 BRATTLE,,03/31/14,,2014 Unrepaired 
CAMBRIDGE,224 BRATTLE,,10/16/14,,2014 Unrepaired 
CAMBRIDGE,226 BRATTLE,,08/04/14,,2014 Unrepaired 
CAMBRIDGE,23 SULLIVAN,,10/31/13,,2014 Unrepaired 
CAMBRIDGE,232 BROADWAY,,12/11/14,,2014 Unrepaired 
CAMBRIDGE,235 ALEWIFE-BK,,05/25/11,,2014 Unrepaired 
CAMBRIDGE,235-237 BROADWAY,,12/11/14,,2014 Unrepaired 
CAMBRIDGE,2387 MASS,,04/24/13,,2014 Unrepaired 
CAMBRIDGE,2391 MASS,,04/24/13,,2014 Unrepaired 
CAMBRIDGE,25 FAIRFIELD,,08/22/14,,2014 Unrepaired 
CAMBRIDGE,25 ROBERTS,,11/25/14,,2014 Unrepaired 
CAMBRIDGE,26 GRAY,,08/13/14,,2014 Unrepaired 
CAMBRIDGE,268 WALDEN,,05/28/14,,2014 Unrepaired 
CAMBRIDGE,27 FIFTH,,10/14/14,,2014 Unrepaired 
CAMBRIDGE,28 FAYERWEATHER,,09/16/14,,2014 Unrepaired 
CAMBRIDGE,28 HURON,,12/01/14,,2014 Unrepaired 
CAMBRIDGE,285 GREEN,,08/18/14,,2014 Unrepaired 
CAMBRIDGE,297 BROADWAY,,12/10/14,,2014 Unrepaired 
CAMBRIDGE,31 AMORY,,05/23/14,,2014 Unrepaired 
CAMBRIDGE,32 HOLDEN,,10/23/14,,2014 Unrepaired 
CAMBRIDGE,32 QUINCY,,12/17/14,,2014 Unrepaired 
CAMBRIDGE,327-329 CONCORD,,08/26/14,,2014 Unrepaired 
CAMBRIDGE,34-38 KIRKLAND,,10/22/14,,2014 Unrepaired 
CAMBRIDGE,340 CONCORD,,08/16/14,,2014 Unrepaired 
CAMBRIDGE,348-350 WALDEN,,11/10/14,,2014 Unrepaired 
CAMBRIDGE,367 HARVARD,,12/02/14,,2014 Unrepaired 
CAMBRIDGE,37 GRAY-GARDEN-E,,08/13/14,,2014 Unrepaired 
CAMBRIDGE,39 INMAN,,11/17/14,,2014 Unrepaired 
CAMBRIDGE,40 GARDEN,,11/24/14,,2014 Unrepaired 
CAMBRIDGE,412 MOUNT AUBURN,,11/18/14,,2014 Unrepaired 
CAMBRIDGE,42 KIRKLAND,,10/22/14,,2014 Unrepaired 
CAMBRIDGE,44 AVON-HILL,,05/26/11,,2014 Unrepaired 
CAMBRIDGE,44 SACRAMENTO,,12/16/14,,2014 Unrepaired 
CAMBRIDGE,45 FRANCIS,,08/21/14,,2014 Unrepaired 
CAMBRIDGE,45 SPINELLI,,10/31/14,,2014 Unrepaired 
CAMBRIDGE,45-47 CAMERON,@ SEVEN PINES,04/04/14,,2014 Unrepaired 
CAMBRIDGE,54 PEMBERTON,,07/29/14,,2014 Unrepaired 
CAMBRIDGE,55 PEMBERTON,,08/22/14,,2014 Unrepaired 
CAMBRIDGE,6 UNION,,11/14/14,,2014 Unrepaired 
CAMBRIDGE,612 HURON,,10/23/14,,2014 Unrepaired 
CAMBRIDGE,62 HOMER,,07/11/14,,2014 Unrepaired 
CAMBRIDGE,625 MOUNT AUBURN,,11/18/14,,2014 Unrepaired 
CAMBRIDGE,703 MOUNT AUBURN,,10/23/14,,2014 Unrepaired 
CAMBRIDGE,72 KIRKLAND,,11/24/14,,2014 Unrepaired 
CAMBRIDGE,7505 MASSACHUSETTS,,10/16/14,,2014 Unrepaired 
CAMBRIDGE,781 MAIN,,12/03/14,,2014 Unrepaired 
CAMBRIDGE,8 MAY,,10/23/14,,2014 Unrepaired 
CAMBRIDGE,810 MAIN,,07/08/14,,2014 Unrepaired 
CAMBRIDGE,84 MASSACHUSETTS,,12/04/14,,2014 Unrepaired 
CAMBRIDGE,875 MAIN,,12/03/14,,2014 Unrepaired 
CAMBRIDGE,885 MASS,,05/28/14,,2014 Unrepaired 
CAMBRIDGE,96 FAYERWEATHER,,05/02/14,,2014 Unrepaired 
CARVER,17 WENHAM SHORES,,11/24/14,,2014 Unrepaired 
CARVER,37 PURCHASE,,11/24/14,,2014 Unrepaired 
DARTMOUTH,10 WATER,,08/25/14,,2014 Unrepaired 
DARTMOUTH,100 STATE,,03/25/10,,2014 Unrepaired 
DARTMOUTH,11 CLEVELAND,,08/26/14,,2014 Unrepaired 
DARTMOUTH,17 LOUTHAN-KIRBY,,07/10/14,,2014 Unrepaired 
DARTMOUTH,219 ROCKLAND,,08/20/14,,2014 Unrepaired 
DARTMOUTH,221 ROCKLAND,,08/20/14,,2014 Unrepaired 
DARTMOUTH,254 STATE,,05/15/14,,2014 Unrepaired 
DARTMOUTH,262 STATE,,06/10/14,,2014 Unrepaired 
DARTMOUTH,279 STATE,,06/10/14,,2014 Unrepaired 
DARTMOUTH,29 MIDDLESEX,,05/27/14,,2014 Unrepaired 
DARTMOUTH,31 CHESTNUT,@ FRANKLIN ST,12/16/14,,2014 Unrepaired 
DARTMOUTH,37 MYLES-STANDISH,,02/05/13,,2014 Unrepaired 
DARTMOUTH,39 COVE,,06/18/14,,2014 Unrepaired 
DARTMOUTH,4 HOWLAND,,01/03/05,,2014 Unrepaired 
DARTMOUTH,49 STATE,,06/10/14,,2014 Unrepaired 
DARTMOUTH,57 CARNEGIE,,06/02/14,,2014 Unrepaired 
DARTMOUTH,58 CARNEGIE,,09/16/14,,2014 Unrepaired 
DEDHAM,11 LINDALE,,09/03/14,,2014 Unrepaired 
DEDHAM,116 LEDGEWOOD,,09/02/14,,2014 Unrepaired 
DEDHAM,124 GAINSVILLE,,08/25/14,,2014 Unrepaired 
DEDHAM,133 BUSSEY,@ CONGRESS PL,11/04/14,,2014 Unrepaired 
DEDHAM,143 CURVE,,06/25/14,,2014 Unrepaired 
DEDHAM,180 PROVIDENCE,,09/18/14,,2014 Unrepaired 
DEDHAM,20 CHESTER,,05/10/13,,2014 Unrepaired 
DEDHAM,20 MILTON,,09/02/14,,2014 Unrepaired 
DEDHAM,22-24 CHURCH,,06/11/14,,2014 Unrepaired 
DEDHAM,223 COLBURN,,09/16/14,,2014 Unrepaired 
DEDHAM,23 POND-FARM,,09/18/14,,2014 Unrepaired 
DEDHAM,31 ARCADIA,,09/04/14,,2014 Unrepaired 
DEDHAM,31 MYRTLE,,09/15/14,,2014 Unrepaired 
DEDHAM,33 FAIR-OAK,,04/02/14,,2014 Unrepaired 
DEDHAM,347 GREENLODGE,,08/26/14,,2014 Unrepaired 
DEDHAM,35 JERSEY,,08/29/14,,2014 Unrepaired 
DEDHAM,4 RIDGE,,09/22/14,,2014 Unrepaired 
DEDHAM,43 MANNING,,09/04/14,,2014 Unrepaired 
DEDHAM,49 HOLMES,,08/08/14,,2014 Unrepaired 
DEDHAM,56 SAVIN,,10/28/14,,2014 Unrepaired 
DEDHAM,6 SMITH,,09/25/14,,2014 Unrepaired 
DEDHAM,95 CRANE,,04/02/14,,2014 Unrepaired 
DOVER,137 FARM,,10/14/10,,2014 Unrepaired 
FAIRHAVEN,12 SUMMER,,09/03/14,,2014 Unrepaired 
FAIRHAVEN,AKIN,,07/29/14,,2014 Unrepaired 
FAIRHAVEN,BELLEVUE,,09/26/14,,2014 Unrepaired 
FAIRHAVEN,EDDY,,08/01/14,,2014 Unrepaired 
FAIRHAVEN,10 EDDY,,08/04/14,,2014 Unrepaired 
FAIRHAVEN,109 MIDDLE,,09/23/14,,2014 Unrepaired 
FAIRHAVEN,11 SEBEC,,08/06/14,,2014 Unrepaired 
FAIRHAVEN,12 GRANDVIEW,,08/26/14,,2014 Unrepaired 
FAIRHAVEN,138 PLEASANT,,09/08/14,,2014 Unrepaired 
FAIRHAVEN,14 RESERVATION,,08/21/14,,2014 Unrepaired 
FAIRHAVEN,141 PLEASANT,,09/08/14,,2014 Unrepaired 
FAIRHAVEN,144 PLEASANT,,09/08/14,,2014 Unrepaired 
FAIRHAVEN,17 JAMESON,,08/06/14,,2014 Unrepaired 
FAIRHAVEN,17 NANCY,,10/27/14,,2014 Unrepaired 
FAIRHAVEN,17 NEWBURY,,10/15/14,,2014 Unrepaired 
FAIRHAVEN,173 GREEN,,09/09/14,,2014 Unrepaired 
FAIRHAVEN,175 GREEN,,09/09/14,,2014 Unrepaired 
FAIRHAVEN,177 GREEN,,09/09/14,,2014 Unrepaired 
FAIRHAVEN,18 JAMESON,,08/06/14,,2014 Unrepaired 
FAIRHAVEN,188 HUTTLESTON,,08/26/14,,2014 Unrepaired 
FAIRHAVEN,205 MAIN,,10/08/14,,2014 Unrepaired 
FAIRHAVEN,205 SCONTICUT-NECK,,08/18/14,,2014 Unrepaired 
FAIRHAVEN,208 WASHINGTON,,05/08/14,,2014 Unrepaired 
FAIRHAVEN,21 HAMLET,,05/08/14,,2014 Unrepaired 
FAIRHAVEN,22 HAMLET,,07/28/14,,2014 Unrepaired 
FAIRHAVEN,220 HUTTLESTON,,08/06/14,,2014 Unrepaired 
FAIRHAVEN,23 HUTTLESTON,,09/26/14,,2014 Unrepaired 
FAIRHAVEN,232 HUTTLESTON,,08/06/14,,2014 Unrepaired 
FAIRHAVEN,240 HUTTLESTON,,08/04/14,,2014 Unrepaired 
FAIRHAVEN,243 HUTTLESTON,,08/04/14,,2014 Unrepaired 
FAIRHAVEN,244 HUTTLESTON,,08/04/14,,2014 Unrepaired 
FAIRHAVEN,246 HUTTLESTON,,08/04/14,,2014 Unrepaired 
FAIRHAVEN,248 HUTTLESTON,,08/04/12,,2014 Unrepaired 
FAIRHAVEN,254 HUTTLESTON,,08/04/14,,2014 Unrepaired 
FAIRHAVEN,257 ADAMS,,10/20/14,,2014 Unrepaired 
FAIRHAVEN,258 HUTTLESTON,,08/04/14,,2014 Unrepaired 
FAIRHAVEN,260 HUTTLESTON,,08/04/14,,2014 Unrepaired 
FAIRHAVEN,262 HUTTLESTON,,08/01/14,,2014 Unrepaired 
FAIRHAVEN,266 HUTTLESTON,,08/01/14,,2014 Unrepaired 
FAIRHAVEN,27 HAWTHORNE,,10/29/14,,2014 Unrepaired 
FAIRHAVEN,276 HUTTLESTON,,07/31/14,,2014 Unrepaired 
FAIRHAVEN,28 SMITH,,08/21/14,,2014 Unrepaired 
FAIRHAVEN,286 HUTTLESTON,,07/31/14,,2014 Unrepaired 
FAIRHAVEN,294 ALDEN,,10/08/14,,2014 Unrepaired 
FAIRHAVEN,31 BRAE,,05/08/14,,2014 Unrepaired 
FAIRHAVEN,316 HUTTLESTON,,07/31/14,,2014 Unrepaired 
FAIRHAVEN,320 HUTTLESTON,,07/31/14,,2014 Unrepaired 
FAIRHAVEN,322 HUTTLESTON,,07/29/14,,2014 Unrepaired 
FAIRHAVEN,330 HUTTLESTON,,07/29/14,,2014 Unrepaired 
FAIRHAVEN,358 HUTTLESTON,,07/22/14,,2014 Unrepaired 
FAIRHAVEN,366 HUTTLESTON,,07/22/14,,2014 Unrepaired 
FAIRHAVEN,384 HUTTLESTON,,07/21/14,,2014 Unrepaired 
FAIRHAVEN,392 ALDEN,,10/21/14,,2014 Unrepaired 
FAIRHAVEN,398 HUTTLESTON,,07/21/14,,2014 Unrepaired 
FAIRHAVEN,4 EDDY,,08/04/14,,2014 Unrepaired 
FAIRHAVEN,401 HUTTLESTON,,07/21/14,,2014 Unrepaired 
FAIRHAVEN,418 HUTTLESTON,,07/18/14,,2014 Unrepaired 
FAIRHAVEN,426 HUTTLESTON,,07/18/14,,2014 Unrepaired 
FAIRHAVEN,46 BAY,,12/19/14,,2014 Unrepaired 
FAIRHAVEN,5 HEDGE,,10/07/14,,2014 Unrepaired 
FAIRHAVEN,5 WOOD,,10/09/14,,2014 Unrepaired 
FAIRHAVEN,55 PLEASANT,,09/10/14,,2014 Unrepaired 
FAIRHAVEN,57 PLEASANT,,09/12/14,,2014 Unrepaired 
FAIRHAVEN,6 SHIRLEY,,08/15/14,,2014 Unrepaired 
FAIRHAVEN,68 OCEAN,,08/26/14,,2014 Unrepaired 
FAIRHAVEN,7 HAMLET,,07/28/14,,2014 Unrepaired 
FAIRHAVEN,8 HAMLET,,07/28/14,,2014 Unrepaired 
FAIRHAVEN,8 MINA,,10/20/14,,2014 Unrepaired 
FAIRHAVEN,8 NONQUITT,,07/31/14,,2014 Unrepaired 
FAIRHAVEN,86 HOWLAND,,10/21/14,,2014 Unrepaired 
FAIRHAVEN,9 EDDY,,08/04/14,,2014 Unrepaired 
FRAMINGHAM,ANDREWS,,12/15/14,,2014 Unrepaired 
FRAMINGHAM,ANDREWS,@ AARON STREET R.O.W.,12/21/12,,2014 Unrepaired 
FRAMINGHAM,EDWARDS,,12/08/14,,2014 Unrepaired 
FRAMINGHAM,10 WESTVIEW,,11/04/14,,2014 Unrepaired 
FRAMINGHAM,105 SCHOOL,,10/20/14,,2014 Unrepaired 
FRAMINGHAM,11 THIRD,,11/12/14,,2014 Unrepaired 
FRAMINGHAM,115 SALEM END,,11/25/14,,2014 Unrepaired 
FRAMINGHAM,118 SUMMER,,10/28/14,,2014 Unrepaired 
FRAMINGHAM,1260 WORCESTER,,10/22/14,,2014 Unrepaired 
FRAMINGHAM,13 RED COAT,,11/05/14,,2014 Unrepaired 
FRAMINGHAM,13-17 JODIE,,03/15/13,,2014 Unrepaired 
FRAMINGHAM,135 IRVING,,10/04/13,,2014 Unrepaired 
FRAMINGHAM,14 GORDON,,12/08/14,,2014 Unrepaired 
FRAMINGHAM,14 PAMELA,,10/23/14,,2014 Unrepaired 
FRAMINGHAM,142 SCHOOL,,10/16/13,,2014 Unrepaired 
FRAMINGHAM,147 FAY,,11/17/14,,2014 Unrepaired 
FRAMINGHAM,153 FRANKLIN,,11/20/14,,2014 Unrepaired 
FRAMINGHAM,2 UNIVERSAL,,10/18/13,,2014 Unrepaired 
FRAMINGHAM,214 UNION,,11/20/14,,2014 Unrepaired 
FRAMINGHAM,235 WORCESTER,,10/21/14,,2014 Unrepaired 
FRAMINGHAM,24 KNIGHT,,11/03/14,,2014 Unrepaired 
FRAMINGHAM,255 WORCESTER,,04/22/14,,2014 Unrepaired 
FRAMINGHAM,26 CRESTWOOD,,12/23/14,,2014 Unrepaired 
FRAMINGHAM,27 BRIARWOOD,,10/23/14,,2014 Unrepaired 
FRAMINGHAM,3-4 MURRAY,,10/09/13,,2014 Unrepaired 
FRAMINGHAM,330 IRVING,,11/05/14,,2014 Unrepaired 
FRAMINGHAM,34 MCADAMS,,11/04/14,,2014 Unrepaired 
FRAMINGHAM,35 BELVIDERE,,11/18/14,,2014 Unrepaired 
FRAMINGHAM,35 TRIPP,,11/17/14,,2014 Unrepaired 
FRAMINGHAM,351 HOLLIS,,11/17/14,,2014 Unrepaired 
FRAMINGHAM,380 WATER,,10/22/14,,2014 Unrepaired 
FRAMINGHAM,39 COBURN,,11/19/14,,2014 Unrepaired 
FRAMINGHAM,45 NEW-YORK,,09/17/14,,2014 Unrepaired 
FRAMINGHAM,46-48 OAKVALE,,03/11/14,,2014 Unrepaired 
FRAMINGHAM,47 AGNES,,11/04/14,,2014 Unrepaired 
FRAMINGHAM,47 BEAVER,,11/12/14,,2014 Unrepaired 
FRAMINGHAM,48 OAKVALE,,11/17/14,,2014 Unrepaired 
FRAMINGHAM,5 AUBURN,,10/27/14,,2014 Unrepaired 
FRAMINGHAM,5 PUSAN,,10/11/13,,2014 Unrepaired 
FRAMINGHAM,5 VERNON,,04/25/14,,2014 Unrepaired 
FRAMINGHAM,506 CONCORD,,11/18/14,,2014 Unrepaired 
FRAMINGHAM,510 CONCORD,,11/18/14,,2014 Unrepaired 
FRAMINGHAM,511 WINTER,,11/21/14,,2014 Unrepaired 
FRAMINGHAM,52 BEACON,,10/20/14,,2014 Unrepaired 
FRAMINGHAM,55-57 ARSENAL,,12/08/14,,2014 Unrepaired 
FRAMINGHAM,573 PLEASANT,,09/18/14,,2014 Unrepaired 
FRAMINGHAM,58 LINDA,,10/30/14,,2014 Unrepaired 
FRAMINGHAM,6 MICHAUD,,10/28/14,,2014 Unrepaired 
FRAMINGHAM,635 WAVERLY,,11/19/14,,2014 Unrepaired 
FRAMINGHAM,72 MAIN,,11/20/14,,2014 Unrepaired 
FRAMINGHAM,8 CORRINE,,10/23/14,,2014 Unrepaired 
FRAMINGHAM,8 DRISCOLL,,10/23/14,,2014 Unrepaired 
FRAMINGHAM,8 JOANNE,,11/03/14,,2014 Unrepaired 
FRAMINGHAM,8 STEARNS,,10/16/13,,2014 Unrepaired 
FRAMINGHAM,8 WICKFORD,,10/21/13,,2014 Unrepaired 
FRAMINGHAM,80 BEACON,,10/29/14,,2014 Unrepaired 
FRAMINGHAM,9 CRESTWOOD,,10/25/11,,2014 Unrepaired 
FRAMINGHAM,9 QUINLAN,,10/15/13,,2014 Unrepaired 
FRAMINGHAM,965 CONCORD,,09/30/13,,2014 Unrepaired 
GRAFTON,303 PROVIDENCE,,09/30/14,,2014 Unrepaired 
GRAFTON,42 SUNRISE,,07/16/14,,2014 Unrepaired 
GRAFTON,43 LINCOLN,,07/28/14,,2014 Unrepaired 
GRAFTON,44 N-MAIN,,07/28/14,,2014 Unrepaired 
HOLDEN,81 WINFIELD,,11/28/14,,2014 Unrepaired 
HOLLISTON,1334 HIGHLAND,,07/11/14,,2014 Unrepaired 
HOLLISTON,136 PROSPECT,,07/15/14,,2014 Unrepaired 
HOLLISTON,1450 WASHINGTON,,06/13/14,,2014 Unrepaired 
HOLLISTON,152 PROSPECT,,07/16/14,,2014 Unrepaired 
HOLLISTON,1574 WASHINGTON,,06/13/14,,2014 Unrepaired 
HOLLISTON,161 KUNIHOLM,,07/11/14,,2014 Unrepaired 
HOLLISTON,162 CEDAR,,06/13/14,,2014 Unrepaired 
HOLLISTON,162 CHURCH,,07/11/14,,2014 Unrepaired 
HOLLISTON,17 MARKED-TREE,,07/11/14,,2014 Unrepaired 
HOLLISTON,180 CONCORD,,06/26/14,,2014 Unrepaired 
HOLLISTON,182 CEDAR,,06/13/14,,2014 Unrepaired 
HOLLISTON,19 HIGH-ROCK,,07/11/14,,2014 Unrepaired 
HOLLISTON,19 RIDGE,,07/14/14,,2014 Unrepaired 
HOLLISTON,22 SPRUCE,,07/16/14,,2014 Unrepaired 
HOLLISTON,245 ASHLAND,,06/13/14,,2014 Unrepaired 
HOLLISTON,26 ROBERT,,07/14/14,,2014 Unrepaired 
HOLLISTON,26 ROBIN-HILL,,06/13/14,,2014 Unrepaired 
HOLLISTON,330 MARKED-TREE,,07/11/14,,2014 Unrepaired 
HOLLISTON,330 WOODLAND,,07/15/14,,2014 Unrepaired 
HOLLISTON,37 REGAL,,07/15/14,,2014 Unrepaired 
HOLLISTON,43 WILKINS,,06/13/14,,2014 Unrepaired 
HOLLISTON,44 CRANBERRY,,06/26/14,,2014 Unrepaired 
HOLLISTON,510 PRENTICE,,07/14/14,,2014 Unrepaired 
HOLLISTON,59 BEATRICE,,06/26/14,,2014 Unrepaired 
HOLLISTON,66 WILKINS,,06/13/14,,2014 Unrepaired 
HOLLISTON,7 LOUIS,,07/14/14,,2014 Unrepaired 
HOLLISTON,7 PINECREST,,07/14/14,,2014 Unrepaired 
HOLLISTON,74 WEDGEWOOD,,07/16/14,,2014 Unrepaired 
HOLLISTON,84 ELM,,12/15/14,,2014 Unrepaired 
HOLLISTON,93 NORLAND,,07/15/14,,2014 Unrepaired 
HOPKINTON,12 TREVOR,,08/22/14,,2014 Unrepaired 
HOPKINTON,136 HAYDEN-ROWE,,08/13/14,,2014 Unrepaired 
HOPKINTON,16 ALEXANDER,,10/06/14,,2014 Unrepaired 
HOPKINTON,180 ASH,,10/09/14,,2014 Unrepaired 
HOPKINTON,19 PLEASANT,,08/13/14,,2014 Unrepaired 
HOPKINTON,2 TREVOR,,08/22/14,,2014 Unrepaired 
HOPKINTON,2 WOODVIEW,,10/21/14,,2014 Unrepaired 
HOPKINTON,20 NICHOLAS,,10/03/14,,2014 Unrepaired 
HOPKINTON,227-233 SOUTH,,10/30/14,,2014 Unrepaired 
HOPKINTON,29 HAYDEN-ROWE,,08/13/14,,2014 Unrepaired 
HOPKINTON,319 WOOD,,08/22/14,,2014 Unrepaired 
HOPKINTON,333 WOOD,,11/07/14,,2014 Unrepaired 
HOPKINTON,353 WOOD,,11/07/14,,2014 Unrepaired 
HOPKINTON,59 GROVE,,09/22/14,,2014 Unrepaired 
HOPKINTON,59 SOUTH,,10/30/14,,2014 Unrepaired 
HOPKINTON,8 DOYLE,,09/17/14,,2014 Unrepaired 
HOPKINTON,9 TERESA,,10/03/14,,2014 Unrepaired 
HUDSON,111 BRIGHAM,,08/25/14,,2014 Unrepaired 
HUDSON,14 HARRIMAN,,09/12/14,,2014 Unrepaired 
HUDSON,15 BONAZZOLI,,08/29/14,,2014 Unrepaired 
HUDSON,15 LINCOLN,,09/10/14,,2014 Unrepaired 
HUDSON,161 RIVER,,09/04/14,,2014 Unrepaired 
HUDSON,183 HOSMER,,09/05/14,,2014 Unrepaired 
HUDSON,50 MAIN,,08/03/14,,2014 Unrepaired 
HUDSON,57 OLD-BOLTON,,09/02/14,,2014 Unrepaired 
HYDE PARK,CHESTERFIELD,@ REYNOLDS ROAD,08/21/14,,2014 Unrepaired 
HYDE PARK,1 DERRY,,10/30/14,,2014 Unrepaired 
HYDE PARK,11 VALENCIA,,12/13/13,,2014 Unrepaired 
HYDE PARK,113 CENTRAL,,11/19/14,,2014 Unrepaired 
HYDE PARK,124 CHILD,,10/17/14,,2014 Unrepaired 
HYDE PARK,126 AUSTIN,,10/09/14,,2014 Unrepaired 
HYDE PARK,14 LODGEHILL,,12/08/14,,2014 Unrepaired 
HYDE PARK,140-142 HOLLINGSWORTH,,12/18/14,,2014 Unrepaired 
HYDE PARK,154 AUSTIN,,04/25/14,,2014 Unrepaired 
HYDE PARK,16 MARIPOSA,,12/18/14,,2014 Unrepaired 
HYDE PARK,160 GARFIELD,,11/06/14,,2014 Unrepaired 
HYDE PARK,17 FRIENDSHIP,,12/16/14,,2014 Unrepaired 
HYDE PARK,17 LODGEHILL,,12/08/14,,2014 Unrepaired 
HYDE PARK,18 FAIRMOUNT,,05/21/14,,2014 Unrepaired 
HYDE PARK,18 HALSEY,,04/16/14,,2014 Unrepaired 
HYDE PARK,19 CLEVELAND,,10/20/14,,2014 Unrepaired 
HYDE PARK,196 AUSTIN,,10/10/14,,2014 Unrepaired 
HYDE PARK,22 GRASSMERE,,11/12/14,,2014 Unrepaired 
HYDE PARK,23 TACOMA,,08/20/14,,2014 Unrepaired 
HYDE PARK,24 GEORGE,,08/21/14,,2014 Unrepaired 
HYDE PARK,248-250 AUSTIN,,10/10/14,,2014 Unrepaired 
HYDE PARK,25 GWINNETT,,11/13/14,,2014 Unrepaired 
HYDE PARK,29-33 MAGEE,,12/18/14,,2014 Unrepaired 
HYDE PARK,35 SANFORD,,12/24/14,,2014 Unrepaired 
HYDE PARK,35 SEFTON,,12/18/14,,2014 Unrepaired 
HYDE PARK,36 CHESTERFIELD,,08/21/14,,2014 Unrepaired 
HYDE PARK,38 SUNNYSIDE,,11/06/14,,2014 Unrepaired 
HYDE PARK,39 WOODGLEN,,09/09/13,,2014 Unrepaired 
HYDE PARK,396 HUNTINGTON,,11/18/14,,2014 Unrepaired 
HYDE PARK,41 LAWTON,,04/15/14,,2014 Unrepaired 
HYDE PARK,41 WILLIAM,,01/08/14,,2014 Unrepaired 
HYDE PARK,43 COMO,,04/11/14,,2014 Unrepaired 
HYDE PARK,43 FARRAR,,11/04/14,,2014 Unrepaired 
HYDE PARK,44 CHESTERFIELD,,10/16/14,,2014 Unrepaired 
HYDE PARK,45 SUNNYSIDE,,11/06/14,,2014 Unrepaired 
HYDE PARK,48 BRADLEE,,10/14/14,,2014 Unrepaired 
HYDE PARK,48-52 FAIRMOUNT,,10/31/14,,2014 Unrepaired 
HYDE PARK,5 BRAEBURN,,04/28/14,,2014 Unrepaired 
HYDE PARK,5 LAWTON,,12/04/14,,2014 Unrepaired 
HYDE PARK,5 LODGEHILL,,12/08/14,,2014 Unrepaired 
HYDE PARK,5 MEADOWVIEW,,04/15/14,,2014 Unrepaired 
HYDE PARK,51 LINCOLN,,12/08/14,,2014 Unrepaired 
HYDE PARK,52 CHESTERFIELD,,08/21/14,,2014 Unrepaired 
HYDE PARK,55 CRANMORE,,10/23/14,,2014 Unrepaired 
HYDE PARK,6 BRADLEE,,10/14/14,,2014 Unrepaired 
HYDE PARK,60 CHESTERFIELD,,08/21/14,,2014 Unrepaired 
HYDE PARK,61 LEXINGTON,,12/04/14,,2014 Unrepaired 
HYDE PARK,61 TAUNTON,,12/18/14,,2014 Unrepaired 
HYDE PARK,63 MARIPOSA,,12/18/14,,2014 Unrepaired 
HYDE PARK,64 LORING,,12/16/14,,2014 Unrepaired 
HYDE PARK,64 W-MILTON,,07/08/13,,2014 Unrepaired 
HYDE PARK,7-9 LODGEHILL,,12/08/14,,2014 Unrepaired 
HYDE PARK,766 HYDE PARK,,11/20/14,,2014 Unrepaired 
HYDE PARK,776 TRUMAN,,12/29/14,,2014 Unrepaired 
HYDE PARK,778 HYDE PARK,,11/20/14,,2014 Unrepaired 
HYDE PARK,8 CATON,,12/05/14,,2014 Unrepaired 
HYDE PARK,8 CHESTERFIELD,,06/11/13,,2014 Unrepaired 
HYDE PARK,8 WOLCOTT,,09/05/13,,2014 Unrepaired 
HYDE PARK,860 RIVER,,12/23/14,,2014 Unrepaired 
HYDE PARK,869-913 RIVER,,11/25/13,,2014 Unrepaired 
HYDE PARK,9 MACDONALD,,11/06/14,,2014 Unrepaired 
KINGSTON,16 PROSPECT,,09/30/14,,2014 Unrepaired 
MARION,41 SPRING,,09/30/14,,2014 Unrepaired 
MARLBORO,AMES,,10/23/14,,2014 Unrepaired 
MARLBORO,123 FELTON,,12/09/14,,2014 Unrepaired 
MARLBORO,134 ELM,,12/08/14,,2014 Unrepaired 
MARLBORO,21 LINCOLN,,11/26/14,,2014 Unrepaired 
MARLBORO,24 MAPLEWOOD,,12/09/14,,2014 Unrepaired 
MARLBORO,28 RUTH,,10/23/14,,2014 Unrepaired 
MARLBORO,281 PLEASANT,,10/23/14,,2014 Unrepaired 
MARLBORO,46 TELLER,,10/22/14,,2014 Unrepaired 
MARLBORO,48 PAQUIN,,11/25/14,,2014 Unrepaired 
MARLBORO,51 BRIGHAM,,11/06/14,,2014 Unrepaired 
MARLBORO,62 RIPLEY,,10/22/14,,2014 Unrepaired 
MARLBORO,7 CULLINANE,,10/24/14,,2014 Unrepaired 
MARLBORO,76-78 HIGHLAND,,11/19/14,,2014 Unrepaired 
MATTAPAN,11 SUNCREST,,06/24/99,,2014 Unrepaired 
MATTAPAN,11 SUNCREST,,04/18/14,,2014 Unrepaired 
MATTAPAN,140-142 HOLLINGSWORTH,,08/25/14,,2014 Unrepaired 
MATTAPAN,16 RADCLIFFE,,08/05/14,,2014 Unrepaired 
MATTAPAN,19 TILESTON,,08/05/14,,2014 Unrepaired 
MATTAPAN,21 SUNCREST,,08/04/14,,2014 Unrepaired 
MATTAPAN,24 BELNEL,,07/29/14,,2014 Unrepaired 
MATTAPAN,309 WOOD,,08/19/14,,2014 Unrepaired 
MATTAPAN,50 ROANOKE,,08/19/14,,2014 Unrepaired 
MATTAPAN,52 ROSEMONT,,08/06/14,,2014 Unrepaired 
MATTAPOISETT,13 AUCOOT,,08/22/14,,2014 Unrepaired 
MATTAPOISETT,151 FAIRHAVEN,,10/07/14,,2014 Unrepaired 
MATTAPOISETT,48 FAIRHAVEN,,10/02/14,,2014 Unrepaired 
MATTAPOISETT,6 AUCOOT,,08/22/14,,2014 Unrepaired 
MATTAPOISETT,7 AUCOOT,,08/22/14,,2014 Unrepaired 
MATTAPOISETT,7 MECHANIC,,08/19/14,,2014 Unrepaired 
MATTAPOISETT,9 ACUSHNET,,08/26/14,,2014 Unrepaired 
MAYNARD,BEACON,@ THOMAS STREET,09/25/14,,2014 Unrepaired 
MAYNARD,105 MAIN,,10/23/14,,2014 Unrepaired 
MAYNARD,13 TREMONT,,10/29/14,,2014 Unrepaired 
MAYNARD,145 MAIN,,10/23/14,,2014 Unrepaired 
MAYNARD,17 WARREN,,11/10/14,,2014 Unrepaired 
MAYNARD,22 O'MOORE,,10/22/14,,2014 Unrepaired 
MAYNARD,5 ELM,,08/01/05,,2014 Unrepaired 
MAYNARD,6 PINE,,11/12/14,,2014 Unrepaired 
MAYNARD,8 EUCLID,,09/25/14,,2014 Unrepaired 
MEDFORD,165 PACKARD,,12/04/14,,2014 Unrepaired 
MILFORD,E-MAIN,,09/22/14,,2014 Unrepaired 
MILFORD,10 PURDUE,,09/16/14,,2014 Unrepaired 
MILFORD,13 DARTMOUTH,,09/11/14,,2014 Unrepaired 
MILFORD,17 DARTMOUTH,,09/11/14,,2014 Unrepaired 
MILFORD,17 GENOA,,09/23/14,,2014 Unrepaired 
MILFORD,23 MAIN,,05/01/14,,2014 Unrepaired 
MILFORD,24 WEST,,09/22/14,,2014 Unrepaired 
MILFORD,25 PAULA,,09/16/14,,2014 Unrepaired 
MILFORD,49 MAIN,,05/01/14,,2014 Unrepaired 
MILFORD,6 S-HIGH,,09/30/14,,2014 Unrepaired 
MILFORD,8-12 YALE,,10/15/14,,2014 Unrepaired 
MILLBURY,2-6 BRIERLY,,11/14/14,,2014 Unrepaired 
MILLBURY,29 N-MAIN,,04/15/14,,2014 Unrepaired 
MILLBURY,75 ELM,,11/06/14,,2014 Unrepaired 
NATICK,DOVER,,11/24/14,,2014 Unrepaired 
NATICK,1 LONGFELLOW,,10/01/14,,2014 Unrepaired 
NATICK,10 MICHIGAN,,12/23/14,,2014 Unrepaired 
NATICK,10 VERMONT,,12/24/14,,2014 Unrepaired 
NATICK,102 1/2 SPEEN,,11/26/14,,2014 Unrepaired 
NATICK,1085 WORCESTER,,06/27/14,,2014 Unrepaired 
NATICK,111 SPEEN,,05/09/14,,2014 Unrepaired 
NATICK,118 ROCKLAND,,06/13/14,,2014 Unrepaired 
NATICK,12 TAMARAC,,08/20/14,,2014 Unrepaired 
NATICK,123 OAK,,09/24/14,,2014 Unrepaired 
NATICK,123 UNION,,06/13/14,,2014 Unrepaired 
NATICK,1324 WORCESTER,,05/06/14,,2014 Unrepaired 
NATICK,136 OAK,,10/02/14,,2014 Unrepaired 
NATICK,15 TOURNAMENT,,07/29/14,,2014 Unrepaired 
NATICK,150 WALNUT,,06/12/14,,2014 Unrepaired 
NATICK,16 CURTIS,,07/14/14,,2014 Unrepaired 
NATICK,16 WESTERN,,07/03/14,,2014 Unrepaired 
NATICK,17 BARNESDALE,,07/28/14,,2014 Unrepaired 
NATICK,17 SPEEN,,09/04/14,,2014 Unrepaired 
NATICK,176 E-CENTRAL,,08/11/14,,2014 Unrepaired 
NATICK,18 VERMONT,,12/24/14,,2014 Unrepaired 
NATICK,19 SPEEN,,11/26/14,,2014 Unrepaired 
NATICK,2 FERNDALE,,08/13/14,,2014 Unrepaired 
NATICK,2 HOPEWELL-FRMS,,09/04/14,,2014 Unrepaired 
NATICK,20 BARNESDALE,,05/30/14,,2014 Unrepaired 
NATICK,20 PINEHURST,,09/04/14,,2014 Unrepaired 
NATICK,20 RICHMOND,,10/02/14,,2014 Unrepaired 
NATICK,20 SHATTUCK,,09/16/14,,2014 Unrepaired 
NATICK,215 EVERETT,,06/18/14,,2014 Unrepaired 
NATICK,228 POND,,12/26/14,,2014 Unrepaired 
NATICK,252 POND,,09/03/14,,2014 Unrepaired 
NATICK,254 NORTH MAIN,,09/10/14,,2014 Unrepaired 
NATICK,27 PINEHURST,,07/28/14,,2014 Unrepaired 
NATICK,28 CENTRE,,07/23/14,,2014 Unrepaired 
NATICK,29 JENNINGS-POND,,06/10/14,,2014 Unrepaired 
NATICK,29 MARION,,12/31/14,,2014 Unrepaired 
NATICK,30 BARNESDALE,,07/28/14,,2014 Unrepaired 
NATICK,33 LIBERTY,,09/25/14,,2014 Unrepaired 
NATICK,338 NORTH MAIN,,12/23/14,,2014 Unrepaired 
NATICK,34-40 MORSE,,07/02/14,,2014 Unrepaired 
NATICK,37 HARDWICK,,05/30/14,,2014 Unrepaired 
NATICK,38 LINCOLN,,10/02/14,,2014 Unrepaired 
NATICK,4 HOME,,10/08/14,,2014 Unrepaired 
NATICK,40 PORTER,,07/15/14,,2014 Unrepaired 
NATICK,41 FISKE,,09/04/14,,2014 Unrepaired 
NATICK,41 SPEEN,,09/04/14,,2014 Unrepaired 
NATICK,48 BURNING-TREE,,08/13/14,,2014 Unrepaired 
NATICK,5 PINE,,10/22/14,,2014 Unrepaired 
NATICK,51 PARK,,07/28/14,,2014 Unrepaired 
NATICK,6 OVERHILL,,08/08/14,,2014 Unrepaired 
NATICK,6 PLEASANT,,12/26/14,,2014 Unrepaired 
NATICK,6 STRATHMORE,,06/12/14,,2014 Unrepaired 
NATICK,60 PILGRIM,,07/30/14,,2014 Unrepaired 
NATICK,67 UNION,,06/13/14,,2014 Unrepaired 
NATICK,7 RIVER,,08/28/14,,2014 Unrepaired 
NATICK,790 WORCESTER,,11/04/13,,2014 Unrepaired 
NATICK,8 CHURCH,,11/17/14,,2014 Unrepaired 
NATICK,8 PINEHURST,,07/28/14,,2014 Unrepaired 
NATICK,83 SPEEN,,09/15/14,,2014 Unrepaired 
NATICK,88 PARK,,10/02/14,,2014 Unrepaired 
NATICK,92 SPEEN,,09/03/14,,2014 Unrepaired 
NATICK,920 WORCESTER,,10/30/13,,2014 Unrepaired 
NATICK,96 SPEEN,,09/03/14,,2014 Unrepaired 
NATICK,97 NORTH MAIN,,12/23/14,,2014 Unrepaired 
NEEDHAM,BRADFORD,,08/21/14,,2014 Unrepaired 
NEEDHAM,1000 HIGHLAND,,10/06/10,,2014 Unrepaired 
NEEDHAM,1139 HIGHLAND,,10/07/10,,2014 Unrepaired 
NEEDHAM,1167 GREAT-PLAIN,,08/13/14,,2014 Unrepaired 
NEEDHAM,135 WELLESLEY,,09/17/10,,2014 Unrepaired 
NEEDHAM,17 RIDGEWAY,,12/22/14,,2014 Unrepaired 
NEEDHAM,17 ROSEMARY,,12/03/14,,2014 Unrepaired 
NEEDHAM,19 MARKED-TREE,,12/20/13,,2014 Unrepaired 
NEEDHAM,200 HARRIS,,10/08/10,,2014 Unrepaired 
NEEDHAM,203 LINDBERGH,,12/03/14,,2014 Unrepaired 
NEEDHAM,247 MANNING,,12/04/14,,2014 Unrepaired 
NEEDHAM,287 HIGH ROCK,,12/19/14,,2014 Unrepaired 
NEEDHAM,29 YALE,,12/16/14,,2014 Unrepaired 
NEEDHAM,31 ROSEMARY,,12/03/14,,2014 Unrepaired 
NEEDHAM,381 HIGH ROCK,,12/19/14,,2014 Unrepaired 
NEEDHAM,454 GROVE,,09/17/14,,2014 Unrepaired 
NEEDHAM,454 WEBSTER,,12/04/14,,2014 Unrepaired 
NEEDHAM,52 MANNING,,12/04/14,,2014 Unrepaired 
NEEDHAM,53 BEAUFORT,,08/21/14,,2014 Unrepaired 
NEEDHAM,65 ROSEMARY,,12/03/14,,2014 Unrepaired 
NEEDHAM,67 NORFOLK,,12/22/14,,2014 Unrepaired 
NEEDHAM,68 PLEASANT,,12/17/14,,2014 Unrepaired 
NEEDHAM,77 BREWSTER,,09/11/14,,2014 Unrepaired 
NEEDHAM,9-11 TILLOTSON,,12/03/14,,2014 Unrepaired 
NEEDHAM,95 WEBSTER,,12/04/14,,2014 Unrepaired 
NEEDHAM,98 LINCOLN,,12/23/14,,2014 Unrepaired 
NEW BEDFORD,981 BRISTOL,,05/20/14,,2014 Unrepaired 
NEW BEDFORD,BRIER,,07/01/14,,2014 Unrepaired 
NEW BEDFORD,11 NYE,,05/30/14,,2014 Unrepaired 
NEW BEDFORD,115 CHARLES,,03/25/14,,2014 Unrepaired 
NEW BEDFORD,116 CHARLES,,07/11/14,,2014 Unrepaired 
NEW BEDFORD,123 BEDFORD,@ COTTAGE STREET,08/13/12,,2014 Unrepaired 
NEW BEDFORD,128 PORTLAND,,07/14/14,,2014 Unrepaired 
NEW BEDFORD,129 HOLLY,,05/30/14,,2014 Unrepaired 
NEW BEDFORD,133 CLARK,,06/11/14,,2014 Unrepaired 
NEW BEDFORD,145 BULLARD,,05/30/14,,2014 Unrepaired 
NEW BEDFORD,151 ROCKLAND,,07/03/14,,2014 Unrepaired 
NEW BEDFORD,155 CHARLES,,03/25/14,,2014 Unrepaired 
NEW BEDFORD,163 ACUSHNET,,09/15/14,,2014 Unrepaired 
NEW BEDFORD,167 TOWNSEND,,06/04/14,,2014 Unrepaired 
NEW BEDFORD,174 MCARTHUR,,06/30/14,,2014 Unrepaired 
NEW BEDFORD,1801 ACUSHNET,@ BATES STREET,09/17/14,,2014 Unrepaired 
NEW BEDFORD,194 COFFIN,,05/30/14,,2014 Unrepaired 
NEW BEDFORD,211 CAROLINE,@ DURFEE STREET,05/07/14,,2014 Unrepaired 
NEW BEDFORD,215-219 CLIFFORD,,05/23/14,,2014 Unrepaired 
NEW BEDFORD,225 RYAN,@ BYRON STREET,06/26/14,,2014 Unrepaired 
NEW BEDFORD,242 WALNUT,,06/24/14,,2014 Unrepaired 
NEW BEDFORD,245 WALNUT,,06/24/14,,2014 Unrepaired 
NEW BEDFORD,253 COLLETTE,,05/29/14,,2014 Unrepaired 
NEW BEDFORD,27 S-SIXTH,,06/25/14,,2014 Unrepaired 
NEW BEDFORD,29 LONGWOOD,,06/17/14,,2014 Unrepaired 
NEW BEDFORD,37 S-SIXTH,,06/25/14,,2014 Unrepaired 
NEW BEDFORD,404 NASH,,09/29/14,,2014 Unrepaired 
NEW BEDFORD,47 THOMPSON,,07/22/14,,2014 Unrepaired 
NEW BEDFORD,48 STEPHEN,,07/07/14,,2014 Unrepaired 
NEW BEDFORD,49 SEYMOUR,,07/14/14,,2014 Unrepaired 
NEW BEDFORD,50 DURFEE,@ HIGHLAND STREET,06/11/14,,2014 Unrepaired 
NEW BEDFORD,518 PURCHASE,,06/25/14,,2014 Unrepaired 
NEW BEDFORD,554 BROCK,,07/15/14,,2014 Unrepaired 
NEW BEDFORD,59 TINKHAM,,05/29/14,,2014 Unrepaired 
NEW BEDFORD,6 STUDLEY,,06/12/14,,2014 Unrepaired 
NEW BEDFORD,611 BELLEVILLE,,05/27/14,,2014 Unrepaired 
NEW BEDFORD,87 ASHLEY,,12/01/14,,2014 Unrepaired 
NEW BEDFORD,89 SMITH,,06/18/14,,2014 Unrepaired 
NEW BEDFORD,91 ASHLEY,,06/10/14,,2014 Unrepaired 
NEW BEDFORD,95 BEETLE,,06/10/14,,2014 Unrepaired 
NORTHBORO,1 THOREAU,,11/13/14,,2014 Unrepaired 
NORTHBORO,10 MILK PORRIDGE,,11/03/14,,2014 Unrepaired 
NORTHBORO,101 WHITNEY,,10/16/14,,2014 Unrepaired 
NORTHBORO,169 INDIAN MEADOW,,11/13/14,,2014 Unrepaired 
NORTHBORO,22 STONE,,10/10/14,,2014 Unrepaired 
NORTHBORO,25 CATHERINE,,12/31/14,,2014 Unrepaired 
NORTHBORO,368 WHITNEY,,10/16/14,,2014 Unrepaired 
NORTHBORO,41 THOREAU,,12/30/14,,2014 Unrepaired 
NORTHBORO,42 THOREAU,,12/30/14,,2014 Unrepaired 
NORTHBORO,6 OTIS,,12/30/14,,2014 Unrepaired 
NORTHBORO,82 SUNSET,,11/06/14,,2014 Unrepaired 
NORTHBRIDGE,BENSON,,09/25/14,,2014 Unrepaired 
NORTHBRIDGE,ELM,,10/16/14,,2014 Unrepaired 
NORTHBRIDGE,18 GRANITE,,11/03/11,,2014 Unrepaired 
NORTHBRIDGE,38-40 DOUGLAS,,10/16/14,,2014 Unrepaired 
PLYMOUTH,1 WALNUT,,05/05/14,,2014 Unrepaired 
PLYMOUTH,19 LINCOLN,,09/11/14,,2014 Unrepaired 
PLYMOUTH,3 HOWES,,10/01/14,,2014 Unrepaired 
SHREWSBURY,15 FOX HILL,,10/02/14,,2014 Unrepaired 
SHREWSBURY,18 HUTCHINS,,11/13/14,,2014 Unrepaired 
SHREWSBURY,392 OAK,,08/15/14,,2014 Unrepaired 
SHREWSBURY,400 OAK,,08/15/14,,2014 Unrepaired 
SHREWSBURY,501 OAK,,08/15/14,,2014 Unrepaired 
SHREWSBURY,788 BOSTON,,11/17/14,,2014 Unrepaired 
SOMERVILLE,12 THORPE,,04/10/14,,2014 Unrepaired 
SOMERVILLE,139 COLLEGE,,10/07/14,,2014 Unrepaired 
SOMERVILLE,267 SUMMER,,06/03/14,,2014 Unrepaired 
SOMERVILLE,28 VINAL,,09/05/14,,2014 Unrepaired 
SOMERVILLE,282 SOMERVILLE,,11/20/13,,2014 Unrepaired 
SOMERVILLE,369-371 ALEWIFE BROOK,,11/04/14,,2014 Unrepaired 
SOMERVILLE,41 CONWELL,,08/22/14,,2014 Unrepaired 
SOMERVILLE,48 CHERRY,,06/16/14,,2014 Unrepaired 
SOMERVILLE,5 BURNSIDE,,03/02/14,,2014 Unrepaired 
SOMERVILLE,80 FAIRFAX,,05/20/14,,2014 Unrepaired 
SOMERVILLE,85 CLARENDON,,06/19/14,,2014 Unrepaired 
SOMERVILLE,9 HAROLD,,09/04/14,,2014 Unrepaired 
SOMERVILLE,96 BRISTOL,,04/17/14,,2014 Unrepaired 
SOUTHBORO,CRYSTAL POND,,11/10/14,,2014 Unrepaired 
SOUTHBORO,107 PINE HILL,,04/01/14,,2014 Unrepaired 
SOUTHBORO,12 CHERRY,,09/16/14,,2014 Unrepaired 
SOUTHBORO,25 PARK,,10/06/14,,2014 Unrepaired 
SOUTHBORO,51 CENTRAL,,10/01/14,,2014 Unrepaired 
SOUTHBORO,6 WINCHESTER,,10/06/14,,2014 Unrepaired 
STOW,155 GREAT,,10/23/14,,2014 Unrepaired 
STOW,35 GARNER,,10/23/14,,2014 Unrepaired 
STOW,484 GLEASONDALE,,10/23/14,,2014 Unrepaired 
SUTTON,20A OLD PROVIDENCE,,11/18/14,,2014 Unrepaired 
SUTTON,3 BOSTON,,11/19/14,,2014 Unrepaired 
,,,,,
UPTON,5 WEST MAIN,,11/05/14,,2014 Unrepaired 
UPTON,65 PLEASANT,,08/17/12,,2014 Unrepaired 
UXBRIDGE,14 SCOTT,,10/02/14,,2014 Unrepaired 
UXBRIDGE,21 NORTH MAIN,,12/26/14,,2014 Unrepaired 
UXBRIDGE,83 LINWOOD,,05/06/14,,2014 Unrepaired 
WEST BOYLSTON,11 NEWTON,,11/24/14,,2014 Unrepaired 
WEST BOYLSTON,119 CENTRAL,,11/21/14,,2014 Unrepaired 
WEST BOYLSTON,185 WORCESTER,,11/24/14,,2014 Unrepaired 
WEST BOYLSTON,3 BRANDYWINE,,04/25/14,,2014 Unrepaired 
WEST BOYLSTON,339 WEST BOYLSTON,,11/25/14,,2014 Unrepaired 
WESTBOROUGH,106 RUGGLES,,11/13/14,,2014 Unrepaired 
WESTBOROUGH,1801 WINDSOR RIDGE,,11/03/14,,2014 Unrepaired 
WESTBOROUGH,27 WASHINGTON,,09/16/13,,2014 Unrepaired 
WESTBOROUGH,28 ELM,,11/05/14,,2014 Unrepaired 
WESTBOROUGH,280 TURNPIKE,,10/02/14,,2014 Unrepaired 
WESTBOROUGH,35 LYMAN,,12/15/14,,2014 Unrepaired 
WESTWOOD,BLUE-HILL,,06/06/14,,2014 Unrepaired 
WESTWOOD,125 FENSVIEW,,12/24/14,,2014 Unrepaired 
WESTWOOD,257 WASHINGTON,,11/26/13,,2014 Unrepaired 
WESTWOOD,346 UNIVERSITY,,07/24/14,,2014 Unrepaired 
WESTWOOD,375 PROVIDENCE,,08/02/05,,2014 Unrepaired 
WESTWOOD,60 BRIAR,,12/24/14,,2014 Unrepaired 
WESTWOOD,71 PROVIDENCE,,11/29/13,,2014 Unrepaired 
WESTWOOD,800 CLAPBOARD-TREE,,11/26/13,,2014 Unrepaired 
WESTWOOD,91 STRASSER,,12/29/14,,2014 Unrepaired 
WORCESTER,1-3 LAUREL BROOK,,12/11/14,,2014 Unrepaired 
WORCESTER,12 LENOX,,07/30/14,,2014 Unrepaired 
WORCESTER,1200 STATE,,09/18/14,,2014 Unrepaired 
WORCESTER,123 HIGHLAND,,10/22/14,,2014 Unrepaired 
WORCESTER,123 JUNE,,12/05/14,,2014 Unrepaired 
WORCESTER,126 JUNE,,12/05/14,,2014 Unrepaired 
WORCESTER,138 SOUTHBRIDGE,,09/04/14,,2014 Unrepaired 
WORCESTER,14 QUINAPOXET,,04/30/14,,2014 Unrepaired 
WORCESTER,1477 MAIN,,12/01/14,,2014 Unrepaired 
WORCESTER,148 RICHMOND,,06/13/14,,2014 Unrepaired 
WORCESTER,15 KILBY,,09/25/14,,2014 Unrepaired 
WORCESTER,16 SECONSET,,09/26/14,,2014 Unrepaired 
WORCESTER,16 SUMMERHILL,,10/01/14,,2014 Unrepaired 
WORCESTER,17 LANTERN,,12/11/14,,2014 Unrepaired 
WORCESTER,18 GORDON,,09/25/14,,2014 Unrepaired 
WORCESTER,18 JONES,,05/28/14,,2014 Unrepaired 
WORCESTER,186 ST-NICHOLAS,,05/01/14,,2014 Unrepaired 
WORCESTER,189 HOLDEN,,10/23/14,,2014 Unrepaired 
WORCESTER,19 AMESBURY,,11/04/14,,2014 Unrepaired 
WORCESTER,19 OLGA,@ ADOLPH ST,10/28/14,,2014 Unrepaired 
WORCESTER,19B QUEEN,,10/08/14,,2014 Unrepaired 
WORCESTER,207-209 ST-NICHOLAS,,05/01/14,,2014 Unrepaired 
WORCESTER,21 MERRICK,,12/04/14,,2014 Unrepaired 
WORCESTER,212 VERNON,,07/10/14,,2014 Unrepaired 
WORCESTER,214 SHREWSBURY,,04/24/14,,2014 Unrepaired 
WORCESTER,22 MOTT,,12/03/14,,2014 Unrepaired 
WORCESTER,237 ST-NICHOLAS,,05/01/14,,2014 Unrepaired 
WORCESTER,24 CRESWELL,,11/21/14,,2014 Unrepaired 
WORCESTER,257 LOVELL,,10/16/14,,2014 Unrepaired 
WORCESTER,271 ST-NICHOLAS,,05/01/14,,2014 Unrepaired 
WORCESTER,28 ARARAT,,08/14/14,,2014 Unrepaired 
WORCESTER,28 WILSON,,11/06/14,,2014 Unrepaired 
WORCESTER,295 SALISBURY,,10/01/14,,2014 Unrepaired 
WORCESTER,3 WINTER-HILL,,08/21/14,,2014 Unrepaired 
WORCESTER,301 SALISBURY,,10/01/14,,2014 Unrepaired 
WORCESTER,31 MAIN,@ DOWNING ST,12/11/14,,2014 Unrepaired 
WORCESTER,31 SHELBY,,10/17/14,,2014 Unrepaired 
WORCESTER,344 CHANDLER,,10/01/14,,2014 Unrepaired 
WORCESTER,35 MERRIFIELD,,12/05/14,,2014 Unrepaired 
WORCESTER,353 MOWER,,10/23/14,,2014 Unrepaired 
WORCESTER,39 STAFFORD,,09/25/14,,2014 Unrepaired 
WORCESTER,4 ROSEMONT,,09/03/14,,2014 Unrepaired 
WORCESTER,4 WOODS,,05/19/14,,2014 Unrepaired 
WORCESTER,41 MINTHORNE,,12/03/14,,2014 Unrepaired 
WORCESTER,414 CHANDLER,@ JUNE STREET,05/23/14,,2014 Unrepaired 
WORCESTER,416 MOWER,,10/21/14,,2014 Unrepaired 
WORCESTER,420 MOWER,,10/21/14,,2014 Unrepaired 
WORCESTER,429 CHANDLER,,10/01/14,,2014 Unrepaired 
WORCESTER,438 W-BOYLSTON,,04/10/14,,2014 Unrepaired 
WORCESTER,44 ROLLINSON,,04/30/14,,2014 Unrepaired 
WORCESTER,466 CHANDLER,,06/10/14,,2014 Unrepaired 
WORCESTER,47 SPOFFORD,,06/10/14,,2014 Unrepaired 
WORCESTER,480 W-BOYLSTON,,09/17/14,,2014 Unrepaired 
WORCESTER,5 APOLLO,,09/02/14,,2014 Unrepaired 
WORCESTER,5 ECHO,,08/06/14,,2014 Unrepaired 
WORCESTER,5 RANDOLPH,,12/15/14,,2014 Unrepaired 
WORCESTER,50 FORBES,,10/07/14,,2014 Unrepaired 
WORCESTER,50 HAMILTON,@ PLANTATION ST,12/17/14,,2014 Unrepaired 
WORCESTER,53 SPOFFORD,,08/14/13,,2014 Unrepaired 
WORCESTER,56 CLARIDGE,,10/03/14,,2014 Unrepaired 
WORCESTER,570 LINCOLN,,12/17/14,,2014 Unrepaired 
WORCESTER,58 W-BOYLSTON,,09/18/14,,2014 Unrepaired 
WORCESTER,585 PLEASANT,,10/30/14,,2014 Unrepaired 
WORCESTER,59 INGLESIDE,,07/21/14,,2014 Unrepaired 
WORCESTER,590 GRAFTON,,12/15/14,,2014 Unrepaired 
WORCESTER,6 SEVER,,10/01/14,,2014 Unrepaired 
WORCESTER,6 STURGIS,,10/01/14,,2014 Unrepaired 
WORCESTER,60-62 STANDISH,,10/01/14,,2014 Unrepaired 
WORCESTER,61 SUNDERLAND,,11/04/14,,2014 Unrepaired 
WORCESTER,66 EUNICE,,12/03/14,,2014 Unrepaired 
WORCESTER,7 SUN-VALLEY,,09/22/14,,2014 Unrepaired 
WORCESTER,72 CHANDLER,,05/21/14,,2014 Unrepaired 
WORCESTER,727 PLEASANT,,10/29/14,,2014 Unrepaired 
WORCESTER,74 HILLCROFT,,10/23/14,,2014 Unrepaired 
WORCESTER,76 RICHLAND,,09/22/14,,2014 Unrepaired 
WORCESTER,82 KENBERMA,,12/10/14,,2014 Unrepaired 
WORCESTER,83 GATES,,11/07/14,,2014 Unrepaired 
WORCESTER,86 QUINAPOXET,,04/30/14,,2014 Unrepaired 
WORCESTER,88 GORDON,,11/20/14,,2014 Unrepaired 
WORCESTER,89 SHREWSBURY,,10/02/14,,2014 Unrepaired 
WORCESTER,89 WILLIAM,,09/09/14,,2014 Unrepaired 
WORCESTER,9 TALLAWANDA,,04/30/14,,2014 Unrepaired 
WORCESTER,94-96 KENBERMA,,12/10/14,,2014 Unrepaired 